{
  "Software Languages":[
    {
      "num": 1,
      "language": "python",
      "advantages":[
        "Consist of third-party modules",
        "Object-oriented languages",
        "Portable across operating systems",
        "Contains user-friendly data structures",
        "Widely supported and has an active"
      ]
    },
    {
      "num": 2,
      "language": "java",
      "advantages":[
        "This language is platform-independent in both binary and source level",
        "User and design-friendly",
        "Known for its feature of security and called as the safest programming language which can disrupt corruption or errors",
        "Has the added feature of Stack allocation system which helps in data storing and easy restoring",
        "Java has the feature of automatic garbage collection and memory allocation"
      ]
    },
    {
      "num": 3,
      "language": "ruby",
      "advantages":[
        "Fast, efficient & user-friendly",
        "Consist of easy & understandable syntax",
        "Has a large worldwide community with a lot of online tutorials and learning resources",
        "Ruby on Rails is known to be one of the best frameworks which help you build web apps quickly"
      ]
    }
  ]
}